/*
SQLyog Ultimate v13.1.1 (64 bit)
MySQL - 8.0.30 : Database - monitoring
*********************************************************************
*/

/*!40101 SET NAMES utf8 */;

/*!40101 SET SQL_MODE=''*/;

/*!40014 SET @OLD_UNIQUE_CHECKS=@@UNIQUE_CHECKS, UNIQUE_CHECKS=0 */;
/*!40014 SET @OLD_FOREIGN_KEY_CHECKS=@@FOREIGN_KEY_CHECKS, FOREIGN_KEY_CHECKS=0 */;
/*!40101 SET @OLD_SQL_MODE=@@SQL_MODE, SQL_MODE='NO_AUTO_VALUE_ON_ZERO' */;
/*!40111 SET @OLD_SQL_NOTES=@@SQL_NOTES, SQL_NOTES=0 */;
CREATE DATABASE /*!32312 IF NOT EXISTS*/`monitoring` /*!40100 DEFAULT CHARACTER SET utf8mb4 COLLATE utf8mb4_0900_ai_ci */ /*!80016 DEFAULT ENCRYPTION='N' */;

USE `monitoring`;

/*Table structure for table `guru` */

DROP TABLE IF EXISTS `guru`;

CREATE TABLE `guru` (
  `nip` int NOT NULL,
  `id_kelas` int NOT NULL,
  `nama_guru` varchar(120) NOT NULL,
  `no_telp` varchar(120) NOT NULL,
  `alamat` varchar(120) NOT NULL,
  PRIMARY KEY (`nip`),
  UNIQUE KEY `nip` (`nip`),
  KEY `id_kelas` (`id_kelas`),
  CONSTRAINT `guru_ibfk_1` FOREIGN KEY (`id_kelas`) REFERENCES `kelas` (`id_kelas`)
) ENGINE=InnoDB DEFAULT CHARSET=utf8mb4 COLLATE=utf8mb4_0900_ai_ci;

/*Data for the table `guru` */

LOCK TABLES `guru` WRITE;

insert  into `guru`(`nip`,`id_kelas`,`nama_guru`,`no_telp`,`alamat`) values 
(256161,17,'Dewi Lestari, S.Pd','0815-6789-0123','sleman'),
(323143,12,'Siti Aisyah, S.Pd','0813-4567-8901','sleman'),
(347736,11,'haryo s.pd','0993772888','sleman'),
(433112,3,'Selly S.Pd','0897656754','sleman'),
(661123,16,'Eko Prabowo, S.Pd','0816-7890-1234','sleman'),
(671424,15,'Budi Santoso, S.Pd','0814-5678-9012','sleman'),
(753621,13,'Ahmad Ramadhan, S.Pd','0812-3456-7890','sleman'),
(8970765,2,'Mahda SP.d','0897-2678-9899','Kebet');

UNLOCK TABLES;

/*Table structure for table `jenis_pelanggaran` */

DROP TABLE IF EXISTS `jenis_pelanggaran`;

CREATE TABLE `jenis_pelanggaran` (
  `id_jenis` int NOT NULL AUTO_INCREMENT,
  `jenis` varchar(225) NOT NULL,
  `pelanggaran` varchar(225) NOT NULL,
  `point` int NOT NULL,
  PRIMARY KEY (`id_jenis`)
) ENGINE=InnoDB AUTO_INCREMENT=16 DEFAULT CHARSET=utf8mb4 COLLATE=utf8mb4_0900_ai_ci;

/*Data for the table `jenis_pelanggaran` */

LOCK TABLES `jenis_pelanggaran` WRITE;

insert  into `jenis_pelanggaran`(`id_jenis`,`jenis`,`pelanggaran`,`point`) values 
(1,'Ringan','Tidak mengerjakan tugas sekolah (PR atau pekerjaan kelas).\nTerlambat masuk kelas.',1),
(2,'Ringan','Terlambat masuk kelas.',1),
(3,'Ringan','Bermain di kelas saat pelajaran berlangsung.',1),
(4,'Ringan','Berbicara tanpa izin saat guru menjelaskan.',1),
(5,'Ringan','Tidak membawa perlengkapan sekolah (buku, alat tulis).',1),
(6,'Ringan','Tidak memakai seragam sesuai aturan.',1),
(7,'Sedang','Sering terlambat datang ke sekolah.\nMengabaikan perintah guru secara terus-menerus.',3),
(8,'Sedang','Berkelahi kecil dengan teman (tanpa menyebabkan cedera serius).',3),
(9,'Sedang','Berbicara kasar atau menggunakan bahasa yang tidak sopan.',3),
(10,'Berat','Melakukan kekerasan fisik (berkelahi hingga menyebabkan cedera).',5),
(11,'Berat','Bullying (secara fisik atau verbal) terhadap teman.',5),
(12,'Berat','Membawa benda berbahaya (seperti benda tajam atau bahan berbahaya lainnya).',5),
(13,'Berat','Merusak fasilitas sekolah secara sengaja.',5),
(14,'Berat','Melakukan pencurian baik di sekolah atau terhadap teman.',5),
(15,'Berat','Membolos (keluar sekolah tanpa izin).',5);

UNLOCK TABLES;

/*Table structure for table `kelas` */

DROP TABLE IF EXISTS `kelas`;

CREATE TABLE `kelas` (
  `id_kelas` int NOT NULL AUTO_INCREMENT,
  `id_periode` int NOT NULL,
  `kelas` varchar(120) NOT NULL,
  PRIMARY KEY (`id_kelas`),
  KEY `kelas_ibfk_1` (`id_periode`),
  CONSTRAINT `kelas_ibfk_1` FOREIGN KEY (`id_periode`) REFERENCES `periode` (`id_periode`) ON DELETE CASCADE ON UPDATE CASCADE
) ENGINE=InnoDB AUTO_INCREMENT=23 DEFAULT CHARSET=utf8mb4 COLLATE=utf8mb4_0900_ai_ci;

/*Data for the table `kelas` */

LOCK TABLES `kelas` WRITE;

insert  into `kelas`(`id_kelas`,`id_periode`,`kelas`) values 
(1,1,'1A'),
(2,1,'1B'),
(3,1,'1C'),
(9,1,'2A'),
(10,1,'2B'),
(11,1,'3A'),
(12,1,'3B'),
(13,1,'4A'),
(14,1,'4B'),
(15,1,'5A'),
(16,1,'5B'),
(17,1,'6A'),
(18,1,'6B'),
(22,3,'6A');

UNLOCK TABLES;

/*Table structure for table `migrations` */

DROP TABLE IF EXISTS `migrations`;

CREATE TABLE `migrations` (
  `id` int unsigned NOT NULL AUTO_INCREMENT,
  `migration` varchar(255) CHARACTER SET utf8mb4 COLLATE utf8mb4_unicode_ci NOT NULL,
  `batch` int NOT NULL,
  PRIMARY KEY (`id`)
) ENGINE=InnoDB AUTO_INCREMENT=3 DEFAULT CHARSET=utf8mb4 COLLATE=utf8mb4_unicode_ci;

/*Data for the table `migrations` */

LOCK TABLES `migrations` WRITE;

insert  into `migrations`(`id`,`migration`,`batch`) values 
(1,'2019_12_14_000001_create_personal_access_tokens_table',1),
(2,'2024_09_05_065522_create_nama_tabel',1);

UNLOCK TABLES;

/*Table structure for table `orangtua` */

DROP TABLE IF EXISTS `orangtua`;

CREATE TABLE `orangtua` (
  `nik` varchar(120) NOT NULL,
  `nisn` int NOT NULL,
  `nama_ortu` varchar(120) NOT NULL,
  `alamat` varchar(120) NOT NULL,
  `no_telp` varchar(120) NOT NULL,
  PRIMARY KEY (`nik`),
  KEY `nisn` (`nisn`),
  CONSTRAINT `orangtua_ibfk_1` FOREIGN KEY (`nisn`) REFERENCES `siswa` (`nisn`)
) ENGINE=InnoDB DEFAULT CHARSET=utf8mb4 COLLATE=utf8mb4_0900_ai_ci;

/*Data for the table `orangtua` */

LOCK TABLES `orangtua` WRITE;

UNLOCK TABLES;

/*Table structure for table `pelanggaran` */

DROP TABLE IF EXISTS `pelanggaran`;

CREATE TABLE `pelanggaran` (
  `id_pelanggaran` int NOT NULL AUTO_INCREMENT,
  `id_jenis` int NOT NULL,
  `nisn` int NOT NULL,
  `waktu` date NOT NULL,
  `catatan` text NOT NULL,
  `point` int NOT NULL,
  `path` varchar(225) CHARACTER SET utf8mb4 COLLATE utf8mb4_0900_ai_ci DEFAULT NULL,
  PRIMARY KEY (`id_pelanggaran`),
  KEY `id_jenis` (`id_jenis`),
  KEY `pelanggaran_ibfk_1` (`nisn`),
  CONSTRAINT `pelanggaran_ibfk_1` FOREIGN KEY (`nisn`) REFERENCES `siswa` (`nisn`) ON DELETE CASCADE ON UPDATE CASCADE,
  CONSTRAINT `pelanggaran_ibfk_2` FOREIGN KEY (`id_jenis`) REFERENCES `jenis_pelanggaran` (`id_jenis`)
) ENGINE=InnoDB AUTO_INCREMENT=76 DEFAULT CHARSET=utf8mb4 COLLATE=utf8mb4_0900_ai_ci;

/*Data for the table `pelanggaran` */

LOCK TABLES `pelanggaran` WRITE;

insert  into `pelanggaran`(`id_pelanggaran`,`id_jenis`,`nisn`,`waktu`,`catatan`,`point`,`path`) values 
(31,13,1222,'2024-10-01','merusak fasilitas',5,'foto/1730775878_download.jpeg'),
(32,10,1222,'2024-10-02','berkelahi dengan teman',5,'foto/1730775914_berkelahi.jpeg'),
(33,13,1223,'2024-10-04','merusak fasilitas',5,'foto/1730776022_download.jpeg'),
(34,11,1224,'2024-10-07','membully',5,'foto/1730776148_bullying.jpeg'),
(35,6,1225,'2024-10-10','tidak memakai seragam',1,'foto/1730776196_bullying.jpeg'),
(36,13,1255,'2024-10-17','merusak fasilitas',5,'foto/1730776309_download.jpeg'),
(37,13,1258,'2024-10-18','merusak fasilitas',5,'foto/1730776363_download.jpeg'),
(38,11,1263,'2024-10-20','bullying',5,'foto/1730776398_bullying.jpeg'),
(39,13,1273,'2024-10-22','merusak fasilitas',5,'foto/1730776436_download.jpeg'),
(40,13,1279,'2024-10-25','merusak fasilitas',5,'foto/1730776509_download.jpeg'),
(41,10,1280,'2024-10-26','berkelahi',5,'foto/1730776548_berkelahi.jpeg'),
(42,13,1287,'2024-11-01','merusak fasilitas',5,'foto/1730776585_download.jpeg'),
(43,11,1293,'2024-11-02','bullying',5,'foto/1730776619_bullying.jpeg'),
(44,15,1295,'2024-11-03','membolos',5,'foto/1730776697_membolos.jpeg'),
(45,15,1298,'2024-09-01','membolos',5,'foto/1730776748_membolos.jpeg'),
(46,15,1303,'2024-09-02','membolos',5,'foto/1730776811_membolos.jpeg'),
(47,13,1304,'2024-09-05','merusak fasilitas',5,'foto/1730776849_download.jpeg'),
(48,11,1305,'2024-09-04','bullying',5,'foto/1730776882_bullying.jpeg'),
(49,10,1306,'2024-09-06','berkelahi',5,'foto/1730776916_berkelahi.jpeg'),
(50,15,1307,'2024-09-08','membolos',5,'foto/1730776951_membolos.jpeg'),
(51,13,1308,'2024-09-10','merusak fasilitas',5,'foto/1730776991_download.jpeg'),
(52,15,1309,'2024-09-11','membolos',5,'foto/1730777023_membolos.jpeg'),
(53,13,1311,'2024-09-13','merusak fasilitas',5,'foto/1730777067_download.jpeg'),
(54,15,1322,'2024-06-01','membolos',5,'foto/1730777286_membolos.jpeg'),
(55,13,1323,'2024-07-01','merusak fasilitas',5,'foto/1730777328_download.jpeg'),
(56,15,1345,'2024-07-03','membolos',5,'foto/1730777582_membolos.jpeg'),
(57,13,1346,'2024-07-14','merusak fasilitas',5,'foto/1730777623_download.jpeg'),
(58,15,1347,'2024-07-16','membolos',5,'foto/1730777656_membolos.jpeg'),
(59,11,1347,'2024-07-15','bullying',5,'foto/1730777689_bullying.jpeg'),
(60,15,1373,'2024-08-02','membolos',5,'foto/1730777892_membolos.jpeg'),
(61,13,1374,'2024-08-02','merusak fasislitas',5,'foto/1730777929_download.jpeg'),
(62,15,1375,'2024-08-06','membolos',5,'foto/1730777961_membolos.jpeg'),
(63,15,1376,'2024-08-07','membolos',5,'foto/1730777991_membolos.jpeg'),
(64,15,1400,'2024-08-16','membolos',5,'foto/1730778105_membolos.jpeg'),
(65,13,1401,'2024-08-18','merusak fasilitas',5,'foto/1730778151_download.jpeg'),
(66,10,1001,'2024-01-01','berkelahi',5,'foto/1730778247_berkelahi.jpeg'),
(67,15,1002,'2024-01-03','membolos',5,'foto/1730778279_membolos.jpeg'),
(68,15,1003,'2024-01-06','membolos',5,'foto/1730778310_membolos.jpeg'),
(69,15,1004,'2024-01-07','membolos',5,'foto/1730778345_membolos.jpeg'),
(70,15,1101,'2024-02-01','membolos',5,'foto/1730778448_membolos.jpeg'),
(71,15,1102,'2024-02-03','membolos',5,'foto/1730778482_membolos.jpeg'),
(72,13,1103,'2024-03-07','merusak fasilitas',5,'foto/1730778517_download.jpeg'),
(73,10,1105,'2024-03-10','berkelahi',5,'foto/1730778550_berkelahi.jpeg'),
(74,13,1106,'2024-03-21','merusak fasilitas',5,'foto/1730778591_download.jpeg'),
(75,15,1109,'2024-04-18','membolos',5,'foto/1730778620_membolos.jpeg');

UNLOCK TABLES;

/*Table structure for table `periode` */

DROP TABLE IF EXISTS `periode`;

CREATE TABLE `periode` (
  `id_periode` int NOT NULL AUTO_INCREMENT,
  `periode` varchar(120) NOT NULL,
  PRIMARY KEY (`id_periode`)
) ENGINE=InnoDB AUTO_INCREMENT=10 DEFAULT CHARSET=utf8mb4 COLLATE=utf8mb4_0900_ai_ci;

/*Data for the table `periode` */

LOCK TABLES `periode` WRITE;

insert  into `periode`(`id_periode`,`periode`) values 
(1,'2023-2024'),
(3,'2024-2025'),
(9,'2025-2026');

UNLOCK TABLES;

/*Table structure for table `personal_access_tokens` */

DROP TABLE IF EXISTS `personal_access_tokens`;

CREATE TABLE `personal_access_tokens` (
  `id` bigint unsigned NOT NULL AUTO_INCREMENT,
  `tokenable_type` varchar(255) CHARACTER SET utf8mb4 COLLATE utf8mb4_unicode_ci NOT NULL,
  `tokenable_id` bigint unsigned NOT NULL,
  `name` varchar(255) CHARACTER SET utf8mb4 COLLATE utf8mb4_unicode_ci NOT NULL,
  `token` varchar(64) CHARACTER SET utf8mb4 COLLATE utf8mb4_unicode_ci NOT NULL,
  `abilities` text CHARACTER SET utf8mb4 COLLATE utf8mb4_unicode_ci,
  `last_used_at` timestamp NULL DEFAULT NULL,
  `created_at` timestamp NULL DEFAULT NULL,
  `updated_at` timestamp NULL DEFAULT NULL,
  PRIMARY KEY (`id`),
  UNIQUE KEY `personal_access_tokens_token_unique` (`token`),
  KEY `personal_access_tokens_tokenable_type_tokenable_id_index` (`tokenable_type`,`tokenable_id`)
) ENGINE=InnoDB DEFAULT CHARSET=utf8mb4 COLLATE=utf8mb4_unicode_ci;

/*Data for the table `personal_access_tokens` */

LOCK TABLES `personal_access_tokens` WRITE;

UNLOCK TABLES;

/*Table structure for table `presensi` */

DROP TABLE IF EXISTS `presensi`;

CREATE TABLE `presensi` (
  `id_presensi` int NOT NULL AUTO_INCREMENT,
  `id_kelas` int NOT NULL,
  `nisn` int NOT NULL,
  `status` enum('Alpa','Hadir','Sakit','Izin') NOT NULL,
  `tanggal` date NOT NULL,
  PRIMARY KEY (`id_presensi`),
  KEY `id_kelas` (`id_kelas`),
  KEY `presensi_ibfk_1` (`nisn`),
  CONSTRAINT `presensi_ibfk_1` FOREIGN KEY (`nisn`) REFERENCES `siswa` (`nisn`) ON DELETE CASCADE ON UPDATE CASCADE,
  CONSTRAINT `presensi_ibfk_2` FOREIGN KEY (`id_kelas`) REFERENCES `kelas` (`id_kelas`)
) ENGINE=InnoDB AUTO_INCREMENT=739 DEFAULT CHARSET=utf8mb4 COLLATE=utf8mb4_0900_ai_ci;

/*Data for the table `presensi` */

LOCK TABLES `presensi` WRITE;

insert  into `presensi`(`id_presensi`,`id_kelas`,`nisn`,`status`,`tanggal`) values 
(35,2,1232,'Hadir','2024-10-28'),
(36,2,1233,'Izin','2024-10-28'),
(37,2,1234,'Hadir','2024-10-28'),
(38,2,1235,'Hadir','2024-10-28'),
(39,2,1236,'Hadir','2024-10-28'),
(40,2,1237,'Hadir','2024-10-28'),
(41,2,1238,'Hadir','2024-10-28'),
(42,2,1239,'Hadir','2024-10-28'),
(43,2,1240,'Alpa','2024-10-28'),
(44,2,1241,'Alpa','2024-10-28'),
(45,2,1242,'Alpa','2024-10-28'),
(46,2,1243,'Alpa','2024-10-28'),
(47,2,1244,'Alpa','2024-10-28'),
(48,2,1245,'Alpa','2024-10-28'),
(49,2,1246,'Alpa','2024-10-28'),
(50,2,1247,'Alpa','2024-10-28'),
(51,2,1248,'Alpa','2024-10-28'),
(52,2,1249,'Alpa','2024-10-28'),
(53,2,1250,'Alpa','2024-10-28'),
(54,2,1251,'Alpa','2024-10-28'),
(55,2,1252,'Alpa','2024-10-28'),
(56,2,1253,'Alpa','2024-10-28'),
(57,2,1254,'Alpa','2024-10-28'),
(58,2,1254,'Alpa','2024-10-28'),
(59,2,1253,'Izin','2024-10-28'),
(60,2,1252,'Hadir','2024-10-28'),
(61,2,1251,'Sakit','2024-10-28'),
(62,2,1250,'Alpa','2024-10-28'),
(63,2,1249,'Hadir','2024-10-28'),
(64,2,1248,'Sakit','2024-10-28'),
(65,2,1247,'Alpa','2024-10-28'),
(66,2,1246,'Hadir','2024-10-28'),
(67,2,1245,'Izin','2024-10-28'),
(68,2,1244,'Alpa','2024-10-28'),
(69,2,1243,'Hadir','2024-10-28'),
(70,2,1242,'Sakit','2024-10-28'),
(71,2,1241,'Hadir','2024-10-28'),
(72,2,1240,'Izin','2024-10-28'),
(73,2,1239,'Hadir','2024-10-28'),
(74,2,1238,'Hadir','2024-10-28'),
(75,2,1237,'Sakit','2024-10-28'),
(76,2,1236,'Hadir','2024-10-28'),
(77,2,1235,'Izin','2024-10-28'),
(78,2,1234,'Alpa','2024-10-28'),
(79,2,1233,'Hadir','2024-10-28'),
(80,2,1232,'Hadir','2024-10-28'),
(81,2,1231,'Sakit','2024-10-28'),
(82,3,1255,'Alpa','2024-10-28'),
(83,3,1256,'Alpa','2024-10-28'),
(84,3,1257,'Alpa','2024-10-28'),
(85,3,1258,'Alpa','2024-10-28'),
(86,3,1259,'Alpa','2024-10-28'),
(87,3,1260,'Alpa','2024-10-28'),
(88,3,1261,'Alpa','2024-10-28'),
(89,3,1262,'Alpa','2024-10-28'),
(90,3,1263,'Alpa','2024-10-28'),
(91,3,1264,'Alpa','2024-10-28'),
(92,3,1265,'Alpa','2024-10-28'),
(93,3,1266,'Alpa','2024-10-28'),
(94,3,1267,'Alpa','2024-10-28'),
(95,3,1268,'Alpa','2024-10-28'),
(96,3,1269,'Alpa','2024-10-28'),
(97,3,1270,'Alpa','2024-10-28'),
(98,3,1271,'Alpa','2024-10-28'),
(99,3,1272,'Alpa','2024-10-28'),
(100,3,1273,'Alpa','2024-10-28'),
(101,3,1274,'Alpa','2024-10-28'),
(102,3,1275,'Alpa','2024-10-28'),
(103,3,1276,'Alpa','2024-10-28'),
(104,3,1277,'Alpa','2024-10-28'),
(105,3,1278,'Alpa','2024-10-28'),
(106,3,1255,'Alpa','2024-10-28'),
(107,3,1256,'Hadir','2024-10-28'),
(108,3,1257,'Sakit','2024-10-28'),
(109,3,1258,'Izin','2024-10-28'),
(110,3,1259,'Alpa','2024-10-28'),
(111,3,1260,'Hadir','2024-10-28'),
(112,3,1261,'Sakit','2024-10-28'),
(113,3,1262,'Hadir','2024-10-28'),
(114,3,1263,'Izin','2024-10-28'),
(115,3,1264,'Hadir','2024-10-28'),
(116,3,1265,'Alpa','2024-10-28'),
(117,3,1266,'Izin','2024-10-28'),
(118,3,1267,'Hadir','2024-10-28'),
(119,3,1268,'Sakit','2024-10-28'),
(120,3,1269,'Hadir','2024-10-28'),
(121,3,1270,'Alpa','2024-10-28'),
(122,3,1271,'Hadir','2024-10-28'),
(123,3,1272,'Sakit','2024-10-28'),
(124,3,1273,'Izin','2024-10-28'),
(125,3,1274,'Hadir','2024-10-28'),
(126,3,1275,'Sakit','2024-10-28'),
(127,3,1276,'Alpa','2024-10-28'),
(128,3,1277,'Hadir','2024-10-28'),
(129,3,1278,'Izin','2024-10-28'),
(130,3,1255,'Alpa','2024-10-28'),
(131,3,1256,'Hadir','2024-10-28'),
(132,3,1257,'Sakit','2024-10-28'),
(133,3,1258,'Izin','2024-10-28'),
(134,3,1259,'Alpa','2024-10-28'),
(135,3,1260,'Hadir','2024-10-28'),
(136,3,1261,'Sakit','2024-10-28'),
(137,3,1262,'Hadir','2024-10-28'),
(138,3,1263,'Izin','2024-10-28'),
(139,3,1264,'Hadir','2024-10-28'),
(140,3,1265,'Alpa','2024-10-28'),
(141,3,1266,'Izin','2024-10-28'),
(142,3,1267,'Hadir','2024-10-28'),
(143,3,1268,'Sakit','2024-10-28'),
(144,3,1269,'Hadir','2024-10-28'),
(145,3,1270,'Alpa','2024-10-28'),
(146,3,1271,'Hadir','2024-10-28'),
(147,3,1272,'Sakit','2024-10-28'),
(148,3,1273,'Izin','2024-10-28'),
(149,3,1274,'Hadir','2024-10-28'),
(150,3,1275,'Sakit','2024-10-28'),
(151,3,1276,'Alpa','2024-10-28'),
(152,3,1277,'Hadir','2024-10-28'),
(153,3,1278,'Izin','2024-10-28'),
(154,3,1255,'Hadir','2024-10-28'),
(155,3,1256,'Izin','2024-10-28'),
(156,3,1257,'Sakit','2024-10-28'),
(157,3,1258,'Alpa','2024-10-28'),
(158,3,1259,'Hadir','2024-10-28'),
(159,3,1260,'Izin','2024-10-28'),
(160,3,1261,'Hadir','2024-10-28'),
(161,3,1262,'Alpa','2024-10-28'),
(162,3,1263,'Sakit','2024-10-28'),
(163,3,1264,'Hadir','2024-10-28'),
(164,3,1265,'Izin','2024-10-28'),
(165,3,1266,'Alpa','2024-10-28'),
(166,3,1267,'Hadir','2024-10-28'),
(167,3,1268,'Sakit','2024-10-28'),
(168,3,1269,'Izin','2024-10-28'),
(169,3,1270,'Hadir','2024-10-28'),
(170,3,1271,'Alpa','2024-10-28'),
(171,3,1272,'Izin','2024-10-28'),
(172,3,1273,'Hadir','2024-10-28'),
(173,3,1274,'Sakit','2024-10-28'),
(174,3,1275,'Alpa','2024-10-28'),
(175,3,1276,'Hadir','2024-10-28'),
(176,3,1277,'Sakit','2024-10-28'),
(177,3,1278,'Izin','2024-10-28'),
(178,9,1279,'Hadir','2024-10-28'),
(179,9,1280,'Izin','2024-10-28'),
(180,9,1281,'Sakit','2024-10-28'),
(181,9,1282,'Alpa','2024-10-28'),
(182,9,1283,'Hadir','2024-10-28'),
(183,9,1284,'Izin','2024-10-28'),
(184,9,1285,'Sakit','2024-10-28'),
(185,9,1286,'Alpa','2024-10-28'),
(186,9,1287,'Hadir','2024-10-28'),
(187,9,1288,'Izin','2024-10-28'),
(188,9,1289,'Sakit','2024-10-28'),
(189,9,1290,'Alpa','2024-10-28'),
(190,9,1291,'Hadir','2024-10-28'),
(191,9,1292,'Izin','2024-10-28'),
(192,9,1293,'Sakit','2024-10-28'),
(193,9,1294,'Alpa','2024-10-28'),
(194,9,1295,'Hadir','2024-10-28'),
(195,9,1296,'Izin','2024-10-28'),
(196,9,1297,'Sakit','2024-10-28'),
(197,9,1298,'Alpa','2024-10-28'),
(198,9,1299,'Hadir','2024-10-28'),
(199,9,1300,'Izin','2024-10-28'),
(200,9,1301,'Sakit','2024-10-28'),
(201,9,1302,'Alpa','2024-10-28'),
(202,9,1279,'Hadir','2024-10-28'),
(203,9,1280,'Izin','2024-10-28'),
(204,9,1281,'Sakit','2024-10-28'),
(205,9,1282,'Alpa','2024-10-28'),
(206,9,1283,'Hadir','2024-10-28'),
(207,9,1284,'Izin','2024-10-28'),
(208,9,1285,'Sakit','2024-10-28'),
(209,9,1286,'Alpa','2024-10-28'),
(210,9,1287,'Hadir','2024-10-28'),
(211,9,1288,'Izin','2024-10-28'),
(212,9,1289,'Sakit','2024-10-28'),
(213,9,1290,'Alpa','2024-10-28'),
(214,9,1291,'Hadir','2024-10-28'),
(215,9,1292,'Izin','2024-10-28'),
(216,9,1293,'Sakit','2024-10-28'),
(217,9,1294,'Alpa','2024-10-28'),
(218,9,1295,'Hadir','2024-10-28'),
(219,9,1296,'Izin','2024-10-28'),
(220,9,1297,'Sakit','2024-10-28'),
(221,9,1298,'Alpa','2024-10-28'),
(222,9,1299,'Hadir','2024-10-28'),
(223,9,1300,'Izin','2024-10-28'),
(224,9,1301,'Sakit','2024-10-28'),
(225,9,1302,'Alpa','2024-10-28'),
(226,1,1222,'Izin','2024-10-28'),
(227,1,1223,'Hadir','2024-10-28'),
(228,1,1224,'Izin','2024-10-28'),
(229,1,1225,'Hadir','2024-10-28'),
(230,1,1226,'Hadir','2024-10-28'),
(231,1,1227,'Hadir','2024-10-28'),
(232,1,1228,'Hadir','2024-10-28'),
(233,1,1229,'Hadir','2024-10-28'),
(235,2,1231,'Hadir','2024-10-29'),
(236,2,1232,'Izin','2024-10-29'),
(237,2,1233,'Hadir','2024-10-29'),
(238,2,1234,'Hadir','2024-10-29'),
(239,2,1235,'Hadir','2024-10-29'),
(240,2,1236,'Hadir','2024-10-29'),
(241,2,1237,'Hadir','2024-10-29'),
(242,2,1238,'Sakit','2024-10-29'),
(243,2,1239,'Alpa','2024-10-29'),
(244,2,1240,'Hadir','2024-10-29'),
(245,2,1241,'Hadir','2024-10-29'),
(246,2,1242,'Hadir','2024-10-29'),
(247,2,1243,'Hadir','2024-10-29'),
(248,2,1244,'Hadir','2024-10-29'),
(249,2,1245,'Izin','2024-10-29'),
(250,2,1246,'Hadir','2024-10-29'),
(251,2,1247,'Hadir','2024-10-29'),
(252,2,1248,'Hadir','2024-10-29'),
(253,2,1249,'Hadir','2024-10-29'),
(254,2,1250,'Izin','2024-10-29'),
(255,2,1251,'Hadir','2024-10-29'),
(256,2,1252,'Sakit','2024-10-29'),
(257,2,1253,'Hadir','2024-10-29'),
(258,2,1254,'Izin','2024-10-29'),
(259,2,1231,'Hadir','2024-10-27'),
(260,2,1232,'Hadir','2024-10-27'),
(261,2,1233,'Izin','2024-10-27'),
(262,2,1234,'Hadir','2024-10-27'),
(263,2,1235,'Izin','2024-10-27'),
(264,2,1236,'Hadir','2024-10-27'),
(265,2,1237,'Izin','2024-10-27'),
(266,2,1238,'Sakit','2024-10-27'),
(267,2,1239,'Hadir','2024-10-27'),
(268,2,1240,'Sakit','2024-10-27'),
(269,2,1241,'Hadir','2024-10-27'),
(270,2,1242,'Hadir','2024-10-27'),
(271,2,1243,'Alpa','2024-10-27'),
(272,2,1244,'Alpa','2024-10-27'),
(273,2,1245,'Sakit','2024-10-27'),
(274,2,1246,'Hadir','2024-10-27'),
(275,2,1247,'Hadir','2024-10-27'),
(276,2,1248,'Hadir','2024-10-27'),
(277,2,1249,'Hadir','2024-10-27'),
(278,2,1250,'Hadir','2024-10-27'),
(279,2,1251,'Hadir','2024-10-27'),
(280,2,1252,'Hadir','2024-10-27'),
(281,2,1253,'Hadir','2024-10-27'),
(282,2,1254,'Hadir','2024-10-27'),
(283,2,1231,'Alpa','2024-10-26'),
(284,2,1232,'Hadir','2024-10-26'),
(285,2,1233,'Hadir','2024-10-26'),
(286,2,1234,'Izin','2024-10-26'),
(287,2,1235,'Sakit','2024-10-26'),
(288,2,1236,'Hadir','2024-10-26'),
(289,2,1237,'Hadir','2024-10-26'),
(290,2,1238,'Hadir','2024-10-26'),
(291,2,1239,'Hadir','2024-10-26'),
(292,2,1240,'Izin','2024-10-26'),
(293,2,1241,'Sakit','2024-10-26'),
(294,2,1242,'Hadir','2024-10-26'),
(295,2,1243,'Izin','2024-10-26'),
(296,2,1244,'Hadir','2024-10-26'),
(297,2,1245,'Izin','2024-10-26'),
(298,2,1246,'Alpa','2024-10-26'),
(299,2,1247,'Hadir','2024-10-26'),
(300,2,1248,'Hadir','2024-10-26'),
(301,2,1249,'Hadir','2024-10-26'),
(302,2,1250,'Sakit','2024-10-26'),
(303,2,1251,'Hadir','2024-10-26'),
(304,2,1252,'Hadir','2024-10-26'),
(305,2,1253,'Hadir','2024-10-26'),
(306,2,1254,'Hadir','2024-10-26'),
(307,2,1231,'Izin','2024-11-01'),
(308,2,1232,'Sakit','2024-11-01'),
(309,2,1233,'Hadir','2024-11-01'),
(310,2,1234,'Hadir','2024-11-01'),
(311,2,1235,'Hadir','2024-11-01'),
(312,2,1236,'Hadir','2024-11-01'),
(313,2,1237,'Hadir','2024-11-01'),
(314,2,1238,'Hadir','2024-11-01'),
(315,2,1239,'Hadir','2024-11-01'),
(316,2,1240,'Hadir','2024-11-01'),
(317,2,1241,'Hadir','2024-11-01'),
(318,2,1242,'Hadir','2024-11-01'),
(319,2,1243,'Alpa','2024-11-01'),
(320,2,1244,'Alpa','2024-11-01'),
(321,2,1245,'Alpa','2024-11-01'),
(322,2,1246,'Alpa','2024-11-01'),
(323,2,1247,'Hadir','2024-11-01'),
(324,2,1248,'Hadir','2024-11-01'),
(325,2,1249,'Hadir','2024-11-01'),
(326,2,1250,'Hadir','2024-11-01'),
(327,2,1251,'Hadir','2024-11-01'),
(328,2,1252,'Sakit','2024-11-01'),
(329,2,1253,'Hadir','2024-11-01'),
(330,2,1254,'Izin','2024-11-01'),
(331,2,1231,'Hadir','2024-09-05'),
(332,2,1232,'Hadir','2024-09-05'),
(333,2,1233,'Hadir','2024-09-05'),
(334,2,1234,'Hadir','2024-09-05'),
(335,2,1235,'Hadir','2024-09-05'),
(336,2,1236,'Hadir','2024-09-05'),
(337,2,1237,'Hadir','2024-09-05'),
(338,2,1238,'Hadir','2024-09-05'),
(339,2,1239,'Hadir','2024-09-05'),
(340,2,1240,'Hadir','2024-09-05'),
(341,2,1241,'Hadir','2024-09-05'),
(342,2,1242,'Hadir','2024-09-05'),
(343,2,1243,'Hadir','2024-09-05'),
(344,2,1244,'Hadir','2024-09-05'),
(345,2,1245,'Hadir','2024-09-05'),
(346,2,1246,'Hadir','2024-09-05'),
(347,2,1247,'Hadir','2024-09-05'),
(348,2,1248,'Hadir','2024-09-05'),
(349,2,1249,'Hadir','2024-09-05'),
(350,2,1250,'Sakit','2024-09-05'),
(351,2,1251,'Hadir','2024-09-05'),
(352,2,1252,'Hadir','2024-09-05'),
(353,2,1253,'Hadir','2024-09-05'),
(354,2,1254,'Hadir','2024-09-05'),
(355,2,1231,'Hadir','2024-08-05'),
(356,2,1232,'Hadir','2024-08-05'),
(357,2,1233,'Hadir','2024-08-05'),
(358,2,1234,'Hadir','2024-08-05'),
(359,2,1235,'Hadir','2024-08-05'),
(360,2,1236,'Izin','2024-08-05'),
(361,2,1237,'Hadir','2024-08-05'),
(362,2,1238,'Hadir','2024-08-05'),
(363,2,1239,'Hadir','2024-08-05'),
(364,2,1240,'Hadir','2024-08-05'),
(365,2,1241,'Hadir','2024-08-05'),
(366,2,1242,'Hadir','2024-08-05'),
(367,2,1243,'Hadir','2024-08-05'),
(368,2,1244,'Hadir','2024-08-05'),
(369,2,1245,'Hadir','2024-08-05'),
(370,2,1246,'Hadir','2024-08-05'),
(371,2,1247,'Hadir','2024-08-05'),
(372,2,1248,'Hadir','2024-08-05'),
(373,2,1249,'Hadir','2024-08-05'),
(374,2,1250,'Hadir','2024-08-05'),
(375,2,1251,'Hadir','2024-08-05'),
(376,2,1252,'Hadir','2024-08-05'),
(377,2,1253,'Hadir','2024-08-05'),
(378,2,1254,'Hadir','2024-08-05'),
(379,2,1231,'Hadir','2024-07-05'),
(380,2,1232,'Hadir','2024-07-05'),
(381,2,1233,'Hadir','2024-07-05'),
(382,2,1234,'Hadir','2024-07-05'),
(383,2,1235,'Hadir','2024-07-05'),
(384,2,1236,'Hadir','2024-07-05'),
(385,2,1237,'Hadir','2024-07-05'),
(386,2,1238,'Hadir','2024-07-05'),
(387,2,1239,'Hadir','2024-07-05'),
(388,2,1240,'Hadir','2024-07-05'),
(389,2,1241,'Hadir','2024-07-05'),
(390,2,1242,'Hadir','2024-07-05'),
(391,2,1243,'Hadir','2024-07-05'),
(392,2,1244,'Hadir','2024-07-05'),
(393,2,1245,'Hadir','2024-07-05'),
(394,2,1246,'Hadir','2024-07-05'),
(395,2,1247,'Hadir','2024-07-05'),
(396,2,1248,'Hadir','2024-07-05'),
(397,2,1249,'Hadir','2024-07-05'),
(398,2,1250,'Hadir','2024-07-05'),
(399,2,1251,'Alpa','2024-07-05'),
(400,2,1252,'Alpa','2024-07-05'),
(401,2,1253,'Alpa','2024-07-05'),
(402,2,1254,'Alpa','2024-07-05'),
(403,2,1231,'Hadir','2024-06-05'),
(404,2,1232,'Hadir','2024-06-05'),
(405,2,1233,'Hadir','2024-06-05'),
(406,2,1234,'Hadir','2024-06-05'),
(407,2,1235,'Hadir','2024-06-05'),
(408,2,1236,'Hadir','2024-06-05'),
(409,2,1237,'Hadir','2024-06-05'),
(410,2,1238,'Hadir','2024-06-05'),
(411,2,1239,'Hadir','2024-06-05'),
(412,2,1240,'Hadir','2024-06-05'),
(413,2,1241,'Sakit','2024-06-05'),
(414,2,1242,'Hadir','2024-06-05'),
(415,2,1243,'Hadir','2024-06-05'),
(416,2,1244,'Hadir','2024-06-05'),
(417,2,1245,'Hadir','2024-06-05'),
(418,2,1246,'Hadir','2024-06-05'),
(419,2,1247,'Hadir','2024-06-05'),
(420,2,1248,'Hadir','2024-06-05'),
(421,2,1249,'Hadir','2024-06-05'),
(422,2,1250,'Hadir','2024-06-05'),
(423,2,1251,'Hadir','2024-06-05'),
(424,2,1252,'Hadir','2024-06-05'),
(425,2,1253,'Hadir','2024-06-05'),
(426,2,1254,'Izin','2024-06-05'),
(427,2,1231,'Hadir','2024-08-06'),
(428,2,1232,'Hadir','2024-08-06'),
(429,2,1233,'Hadir','2024-08-06'),
(430,2,1234,'Izin','2024-08-06'),
(431,2,1235,'Hadir','2024-08-06'),
(432,2,1236,'Hadir','2024-08-06'),
(433,2,1237,'Hadir','2024-08-06'),
(434,2,1238,'Hadir','2024-08-06'),
(435,2,1239,'Izin','2024-08-06'),
(436,2,1240,'Hadir','2024-08-06'),
(437,2,1241,'Hadir','2024-08-06'),
(438,2,1242,'Hadir','2024-08-06'),
(439,2,1243,'Sakit','2024-08-06'),
(440,2,1244,'Hadir','2024-08-06'),
(441,2,1245,'Hadir','2024-08-06'),
(442,2,1246,'Hadir','2024-08-06'),
(443,2,1247,'Alpa','2024-08-06'),
(444,2,1248,'Alpa','2024-08-06'),
(445,2,1249,'Alpa','2024-08-06'),
(446,2,1250,'Alpa','2024-08-06'),
(447,2,1251,'Alpa','2024-08-06'),
(448,2,1252,'Alpa','2024-08-06'),
(449,2,1253,'Alpa','2024-08-06'),
(450,2,1254,'Alpa','2024-08-06'),
(451,2,1231,'Sakit','2024-11-07'),
(452,2,1232,'Hadir','2024-11-07'),
(453,2,1233,'Hadir','2024-11-07'),
(454,2,1234,'Alpa','2024-11-07'),
(455,2,1235,'Alpa','2024-11-07'),
(456,2,1236,'Alpa','2024-11-07'),
(457,2,1237,'Alpa','2024-11-07'),
(458,2,1238,'Alpa','2024-11-07'),
(459,2,1239,'Alpa','2024-11-07'),
(460,2,1240,'Alpa','2024-11-07'),
(461,2,1241,'Alpa','2024-11-07'),
(462,2,1242,'Alpa','2024-11-07'),
(463,2,1243,'Alpa','2024-11-07'),
(464,2,1244,'Alpa','2024-11-07'),
(465,2,1245,'Alpa','2024-11-07'),
(466,2,1246,'Alpa','2024-11-07'),
(467,2,1247,'Alpa','2024-11-07'),
(468,2,1248,'Alpa','2024-11-07'),
(469,2,1249,'Alpa','2024-11-07'),
(470,2,1250,'Alpa','2024-11-07'),
(471,2,1251,'Alpa','2024-11-07'),
(472,2,1252,'Alpa','2024-11-07'),
(473,2,1253,'Alpa','2024-11-07'),
(474,2,1254,'Alpa','2024-11-07'),
(475,2,1231,'Sakit','2024-11-07'),
(476,2,1232,'Hadir','2024-11-07'),
(477,2,1233,'Hadir','2024-11-07'),
(478,2,1234,'Alpa','2024-11-07'),
(479,2,1235,'Alpa','2024-11-07'),
(480,2,1236,'Alpa','2024-11-07'),
(481,2,1237,'Alpa','2024-11-07'),
(482,2,1238,'Alpa','2024-11-07'),
(483,2,1239,'Alpa','2024-11-07'),
(484,2,1240,'Alpa','2024-11-07'),
(485,2,1241,'Alpa','2024-11-07'),
(486,2,1242,'Alpa','2024-11-07'),
(487,2,1243,'Alpa','2024-11-07'),
(488,2,1244,'Alpa','2024-11-07'),
(489,2,1245,'Alpa','2024-11-07'),
(490,2,1246,'Alpa','2024-11-07'),
(491,2,1247,'Alpa','2024-11-07'),
(492,2,1248,'Alpa','2024-11-07'),
(493,2,1249,'Alpa','2024-11-07'),
(494,2,1250,'Alpa','2024-11-07'),
(495,2,1251,'Alpa','2024-11-07'),
(496,2,1252,'Alpa','2024-11-07'),
(497,2,1253,'Alpa','2024-11-07'),
(498,2,1254,'Alpa','2024-11-07'),
(499,2,1231,'Hadir','2024-11-07'),
(500,2,1232,'Izin','2024-11-07'),
(501,2,1233,'Alpa','2024-11-07'),
(502,2,1234,'Alpa','2024-11-07'),
(503,2,1235,'Alpa','2024-11-07'),
(504,2,1236,'Alpa','2024-11-07'),
(505,2,1237,'Alpa','2024-11-07'),
(506,2,1238,'Alpa','2024-11-07'),
(507,2,1239,'Alpa','2024-11-07'),
(508,2,1240,'Alpa','2024-11-07'),
(509,2,1241,'Alpa','2024-11-07'),
(510,2,1242,'Alpa','2024-11-07'),
(511,2,1243,'Alpa','2024-11-07'),
(512,2,1244,'Alpa','2024-11-07'),
(513,2,1245,'Alpa','2024-11-07'),
(514,2,1246,'Alpa','2024-11-07'),
(515,2,1247,'Alpa','2024-11-07'),
(516,2,1248,'Alpa','2024-11-07'),
(517,2,1249,'Alpa','2024-11-07'),
(518,2,1250,'Alpa','2024-11-07'),
(519,2,1251,'Alpa','2024-11-07'),
(520,2,1252,'Alpa','2024-11-07'),
(521,2,1253,'Alpa','2024-11-07'),
(522,2,1254,'Alpa','2024-11-07'),
(523,2,1231,'Hadir','2024-08-07'),
(524,2,1232,'Izin','2024-08-07'),
(525,2,1233,'Alpa','2024-08-07'),
(526,2,1234,'Alpa','2024-08-07'),
(527,2,1235,'Alpa','2024-08-07'),
(528,2,1236,'Alpa','2024-08-07'),
(529,2,1237,'Alpa','2024-08-07'),
(530,2,1238,'Alpa','2024-08-07'),
(531,2,1239,'Alpa','2024-08-07'),
(532,2,1240,'Alpa','2024-08-07'),
(533,2,1241,'Alpa','2024-08-07'),
(534,2,1242,'Alpa','2024-08-07'),
(535,2,1243,'Alpa','2024-08-07'),
(536,2,1244,'Alpa','2024-08-07'),
(537,2,1245,'Alpa','2024-08-07'),
(538,2,1246,'Alpa','2024-08-07'),
(539,2,1247,'Alpa','2024-08-07'),
(540,2,1248,'Alpa','2024-08-07'),
(541,2,1249,'Alpa','2024-08-07'),
(542,2,1250,'Alpa','2024-08-07'),
(543,2,1251,'Alpa','2024-08-07'),
(544,2,1252,'Alpa','2024-08-07'),
(545,2,1253,'Alpa','2024-08-07'),
(546,2,1254,'Alpa','2024-08-07'),
(547,2,1231,'Izin','2024-11-08'),
(548,2,1232,'Hadir','2024-11-08'),
(549,2,1233,'Alpa','2024-11-08'),
(550,2,1234,'Alpa','2024-11-08'),
(551,2,1235,'Alpa','2024-11-08'),
(552,2,1236,'Alpa','2024-11-08'),
(553,2,1237,'Alpa','2024-11-08'),
(554,2,1238,'Alpa','2024-11-08'),
(555,2,1239,'Alpa','2024-11-08'),
(556,2,1240,'Alpa','2024-11-08'),
(557,2,1241,'Alpa','2024-11-08'),
(558,2,1242,'Alpa','2024-11-08'),
(559,2,1243,'Alpa','2024-11-08'),
(560,2,1244,'Alpa','2024-11-08'),
(561,2,1245,'Alpa','2024-11-08'),
(562,2,1246,'Alpa','2024-11-08'),
(563,2,1247,'Alpa','2024-11-08'),
(564,2,1248,'Alpa','2024-11-08'),
(565,2,1249,'Alpa','2024-11-08'),
(566,2,1250,'Alpa','2024-11-08'),
(567,2,1251,'Alpa','2024-11-08'),
(568,2,1252,'Alpa','2024-11-08'),
(569,2,1253,'Alpa','2024-11-08'),
(570,2,1254,'Alpa','2024-11-08'),
(571,2,1231,'Hadir','2024-08-08'),
(572,2,1232,'Izin','2024-08-08'),
(573,2,1233,'Hadir','2024-08-08'),
(574,2,1234,'Izin','2024-08-08'),
(575,2,1235,'Izin','2024-08-08'),
(576,2,1236,'Hadir','2024-08-08'),
(577,2,1237,'Hadir','2024-08-08'),
(578,2,1238,'Hadir','2024-08-08'),
(579,2,1239,'Hadir','2024-08-08'),
(580,2,1240,'Hadir','2024-08-08'),
(581,2,1241,'Hadir','2024-08-08'),
(582,2,1242,'Hadir','2024-08-08'),
(583,2,1243,'Sakit','2024-08-08'),
(584,2,1244,'Sakit','2024-08-08'),
(585,2,1245,'Hadir','2024-08-08'),
(586,2,1246,'Hadir','2024-08-08'),
(587,2,1247,'Hadir','2024-08-08'),
(588,2,1248,'Izin','2024-08-08'),
(589,2,1249,'Hadir','2024-08-08'),
(590,2,1250,'Hadir','2024-08-08'),
(591,2,1251,'Hadir','2024-08-08'),
(592,2,1252,'Hadir','2024-08-08'),
(593,2,1253,'Hadir','2024-08-08'),
(594,2,1254,'Hadir','2024-08-08'),
(595,2,1231,'Hadir','2024-08-09'),
(596,2,1232,'Hadir','2024-08-09'),
(597,2,1233,'Izin','2024-08-09'),
(598,2,1234,'Hadir','2024-08-09'),
(599,2,1235,'Hadir','2024-08-09'),
(600,2,1236,'Hadir','2024-08-09'),
(601,2,1237,'Hadir','2024-08-09'),
(602,2,1238,'Izin','2024-08-09'),
(603,2,1239,'Hadir','2024-08-09'),
(604,2,1240,'Sakit','2024-08-09'),
(605,2,1241,'Hadir','2024-08-09'),
(606,2,1242,'Hadir','2024-08-09'),
(607,2,1243,'Hadir','2024-08-09'),
(608,2,1244,'Hadir','2024-08-09'),
(609,2,1245,'Hadir','2024-08-09'),
(610,2,1246,'Hadir','2024-08-09'),
(611,2,1247,'Hadir','2024-08-09'),
(612,2,1248,'Hadir','2024-08-09'),
(613,2,1249,'Izin','2024-08-09'),
(614,2,1250,'Hadir','2024-08-09'),
(615,2,1251,'Hadir','2024-08-09'),
(616,2,1252,'Izin','2024-08-09'),
(617,2,1253,'Hadir','2024-08-09'),
(618,2,1254,'Hadir','2024-08-09'),
(619,2,1231,'Hadir','2024-08-10'),
(620,2,1232,'Izin','2024-08-10'),
(621,2,1233,'Sakit','2024-08-10'),
(622,2,1234,'Hadir','2024-08-10'),
(623,2,1235,'Hadir','2024-08-10'),
(624,2,1236,'Hadir','2024-08-10'),
(625,2,1237,'Izin','2024-08-10'),
(626,2,1238,'Hadir','2024-08-10'),
(627,2,1239,'Hadir','2024-08-10'),
(628,2,1240,'Izin','2024-08-10'),
(629,2,1241,'Hadir','2024-08-10'),
(630,2,1242,'Hadir','2024-08-10'),
(631,2,1243,'Hadir','2024-08-10'),
(632,2,1244,'Hadir','2024-08-10'),
(633,2,1245,'Hadir','2024-08-10'),
(634,2,1246,'Izin','2024-08-10'),
(635,2,1247,'Hadir','2024-08-10'),
(636,2,1248,'Izin','2024-08-10'),
(637,2,1249,'Hadir','2024-08-10'),
(638,2,1250,'Hadir','2024-08-10'),
(639,2,1251,'Hadir','2024-08-10'),
(640,2,1252,'Hadir','2024-08-10'),
(641,2,1253,'Hadir','2024-08-10'),
(642,2,1254,'Hadir','2024-08-10'),
(643,2,1231,'Hadir','2024-08-11'),
(644,2,1232,'Izin','2024-08-11'),
(645,2,1233,'Hadir','2024-08-11'),
(646,2,1234,'Izin','2024-08-11'),
(647,2,1235,'Sakit','2024-08-11'),
(648,2,1236,'Hadir','2024-08-11'),
(649,2,1237,'Hadir','2024-08-11'),
(650,2,1238,'Hadir','2024-08-11'),
(651,2,1239,'Hadir','2024-08-11'),
(652,2,1240,'Hadir','2024-08-11'),
(653,2,1241,'Hadir','2024-08-11'),
(654,2,1242,'Hadir','2024-08-11'),
(655,2,1243,'Hadir','2024-08-11'),
(656,2,1244,'Hadir','2024-08-11'),
(657,2,1245,'Hadir','2024-08-11'),
(658,2,1246,'Sakit','2024-08-11'),
(659,2,1247,'Izin','2024-08-11'),
(660,2,1248,'Hadir','2024-08-11'),
(661,2,1249,'Hadir','2024-08-11'),
(662,2,1250,'Hadir','2024-08-11'),
(663,2,1251,'Hadir','2024-08-11'),
(664,2,1252,'Hadir','2024-08-11'),
(665,2,1253,'Hadir','2024-08-11'),
(666,2,1254,'Hadir','2024-08-11'),
(667,2,1231,'Hadir','2024-08-12'),
(668,2,1232,'Hadir','2024-08-12'),
(669,2,1233,'Hadir','2024-08-12'),
(670,2,1234,'Hadir','2024-08-12'),
(671,2,1235,'Hadir','2024-08-12'),
(672,2,1236,'Izin','2024-08-12'),
(673,2,1237,'Hadir','2024-08-12'),
(674,2,1238,'Hadir','2024-08-12'),
(675,2,1239,'Hadir','2024-08-12'),
(676,2,1240,'Hadir','2024-08-12'),
(677,2,1241,'Izin','2024-08-12'),
(678,2,1242,'Hadir','2024-08-12'),
(679,2,1243,'Hadir','2024-08-12'),
(680,2,1244,'Izin','2024-08-12'),
(681,2,1245,'Sakit','2024-08-12'),
(682,2,1246,'Hadir','2024-08-12'),
(683,2,1247,'Hadir','2024-08-12'),
(684,2,1248,'Hadir','2024-08-12'),
(685,2,1249,'Hadir','2024-08-12'),
(686,2,1250,'Hadir','2024-08-12'),
(687,2,1251,'Hadir','2024-08-12'),
(688,2,1252,'Hadir','2024-08-12'),
(689,2,1253,'Hadir','2024-08-12'),
(690,2,1254,'Izin','2024-08-12'),
(691,2,1231,'Hadir','2024-08-13'),
(692,2,1232,'Izin','2024-08-13'),
(693,2,1233,'Hadir','2024-08-13'),
(694,2,1234,'Hadir','2024-08-13'),
(695,2,1235,'Hadir','2024-08-13'),
(696,2,1236,'Hadir','2024-08-13'),
(697,2,1237,'Hadir','2024-08-13'),
(698,2,1238,'Izin','2024-08-13'),
(699,2,1239,'Hadir','2024-08-13'),
(700,2,1240,'Hadir','2024-08-13'),
(701,2,1241,'Hadir','2024-08-13'),
(702,2,1242,'Hadir','2024-08-13'),
(703,2,1243,'Izin','2024-08-13'),
(704,2,1244,'Hadir','2024-08-13'),
(705,2,1245,'Izin','2024-08-13'),
(706,2,1246,'Hadir','2024-08-13'),
(707,2,1247,'Izin','2024-08-13'),
(708,2,1248,'Hadir','2024-08-13'),
(709,2,1249,'Hadir','2024-08-13'),
(710,2,1250,'Hadir','2024-08-13'),
(711,2,1251,'Hadir','2024-08-13'),
(712,2,1252,'Hadir','2024-08-13'),
(713,2,1253,'Hadir','2024-08-13'),
(714,2,1254,'Hadir','2024-08-13'),
(715,2,1231,'Hadir','2024-08-14'),
(716,2,1232,'Hadir','2024-08-14'),
(717,2,1233,'Hadir','2024-08-14'),
(718,2,1234,'Hadir','2024-08-14'),
(719,2,1235,'Hadir','2024-08-14'),
(720,2,1236,'Izin','2024-08-14'),
(721,2,1237,'Hadir','2024-08-14'),
(722,2,1238,'Hadir','2024-08-14'),
(723,2,1239,'Hadir','2024-08-14'),
(724,2,1240,'Hadir','2024-08-14'),
(725,2,1241,'Hadir','2024-08-14'),
(726,2,1242,'Izin','2024-08-14'),
(727,2,1243,'Hadir','2024-08-14'),
(728,2,1244,'Hadir','2024-08-14'),
(729,2,1245,'Hadir','2024-08-14'),
(730,2,1246,'Hadir','2024-08-14'),
(731,2,1247,'Hadir','2024-08-14'),
(732,2,1248,'Hadir','2024-08-14'),
(733,2,1249,'Izin','2024-08-14'),
(734,2,1250,'Hadir','2024-08-14'),
(735,2,1251,'Hadir','2024-08-14'),
(736,2,1252,'Izin','2024-08-14'),
(737,2,1253,'Alpa','2024-08-14'),
(738,2,1254,'Hadir','2024-08-14');

UNLOCK TABLES;

/*Table structure for table `roles` */

DROP TABLE IF EXISTS `roles`;

CREATE TABLE `roles` (
  `id_role` int NOT NULL,
  `role` varchar(120) NOT NULL,
  PRIMARY KEY (`id_role`)
) ENGINE=InnoDB DEFAULT CHARSET=utf8mb4 COLLATE=utf8mb4_0900_ai_ci;

/*Data for the table `roles` */

LOCK TABLES `roles` WRITE;

insert  into `roles`(`id_role`,`role`) values 
(1,'Admin'),
(2,'Guru'),
(3,'Ortu');

UNLOCK TABLES;

/*Table structure for table `siswa` */

DROP TABLE IF EXISTS `siswa`;

CREATE TABLE `siswa` (
  `nisn` int NOT NULL,
  `id_kelas` int NOT NULL,
  `nama` varchar(120) NOT NULL,
  `tempat_lahir` varchar(120) NOT NULL,
  `tanggal_lahir` date NOT NULL,
  PRIMARY KEY (`nisn`),
  KEY `siswa_ibfk_1` (`id_kelas`),
  CONSTRAINT `siswa_ibfk_1` FOREIGN KEY (`id_kelas`) REFERENCES `kelas` (`id_kelas`) ON DELETE CASCADE ON UPDATE CASCADE
) ENGINE=InnoDB DEFAULT CHARSET=utf8mb4 COLLATE=utf8mb4_0900_ai_ci;

/*Data for the table `siswa` */

LOCK TABLES `siswa` WRITE;

insert  into `siswa`(`nisn`,`id_kelas`,`nama`,`tempat_lahir`,`tanggal_lahir`) values 
(1001,17,'Ahmad','Jakarta','2005-01-01'),
(1002,17,'Budi','Bandung','2005-02-01'),
(1003,17,'Cindy','Surabaya','2005-03-01'),
(1004,17,'Dina','Semarang','2005-04-01'),
(1005,17,'Eko','Yogyakarta','2005-05-01'),
(1006,17,'Fajar','Medan','2005-06-01'),
(1007,17,'Gita','Malang','2005-07-01'),
(1008,17,'Hendra','Makassar','2005-08-01'),
(1009,17,'Ika','Palembang','2005-09-01'),
(1010,17,'Joko','Bali','2005-10-01'),
(1011,17,'Kirana','Lampung','2005-11-01'),
(1012,17,'Lina','Batam','2005-12-01'),
(1013,17,'Mila','Tangerang','2005-01-15'),
(1014,17,'Nina','Bogor','2005-02-15'),
(1015,17,'Oki','Cirebon','2005-03-15'),
(1016,17,'Pena','Pekalongan','2005-04-15'),
(1017,17,'Qori','Sukabumi','2005-05-15'),
(1018,17,'Rina','Cimahi','2005-06-15'),
(1019,17,'Sari','Serang','2005-07-15'),
(1020,17,'Tari','Jambi','2005-08-15'),
(1021,17,'Umar','Banjarmasin','2005-09-15'),
(1022,17,'Vina','Samarinda','2005-10-15'),
(1023,17,'Wandi','Palu','2005-11-15'),
(1101,18,'Aldo','Jakarta','2005-01-01'),
(1102,18,'Bina','Bandung','2005-02-01'),
(1103,18,'Citra','Surabaya','2005-03-01'),
(1104,18,'Dani','Semarang','2005-04-01'),
(1105,18,'Ely','Yogyakarta','2005-05-01'),
(1106,18,'Fahmi','Medan','2005-06-01'),
(1107,18,'Gani','Malang','2005-07-01'),
(1108,18,'Hani','Makassar','2005-08-01'),
(1109,18,'Iwan','Palembang','2005-09-01'),
(1110,18,'Jaya','Bali','2005-10-01'),
(1111,18,'Kris','Lampung','2005-11-01'),
(1112,18,'Luna','Batam','2005-12-01'),
(1113,18,'Maya','Tangerang','2005-01-15'),
(1114,18,'Nadia','Bogor','2005-02-15'),
(1115,18,'Omar','Cirebon','2005-03-15'),
(1116,18,'Pavi','Pekalongan','2005-04-15'),
(1117,18,'Qila','Sukabumi','2005-05-15'),
(1118,18,'Riko','Cimahi','2005-06-15'),
(1119,18,'Sari','Serang','2005-07-15'),
(1120,18,'Tia','Jambi','2005-08-15'),
(1222,1,'siti','jakarta','2024-01-15'),
(1223,1,'budi ruhdu','surabaya','2024-03-10'),
(1224,1,'anita','bandung','2024-04-20'),
(1225,1,'andika','medan','2024-06-18'),
(1226,1,'rahma','yogyakarta','2024-08-25'),
(1227,1,'firman','palembang','2024-09-12'),
(1228,1,'tari','semarang','2024-11-22'),
(1229,1,'joni','bekasi','2024-12-05'),
(1231,2,'agus','jakarta','2024-01-10'),
(1232,2,'lina','bandung','2024-02-05'),
(1233,2,'doni','surabaya','2024-03-15'),
(1234,2,'mira','medan','2024-04-18'),
(1235,2,'yudi','yogyakarta','2024-05-20'),
(1236,2,'rani','semarang','2024-06-22'),
(1237,2,'fajar','makassar','2024-07-12'),
(1238,2,'salsa','palembang','2024-08-14'),
(1239,2,'tommy','malang','2024-09-16'),
(1240,2,'indra','batam','2024-10-08'),
(1241,2,'amel','balikpapan','2024-11-21'),
(1242,2,'benny','pekanbaru','2024-12-23'),
(1243,2,'citra','depok','2024-01-11'),
(1244,2,'rudi','bekasi','2024-02-13'),
(1245,2,'dina','tangerang','2024-03-27'),
(1246,2,'gilang','padang','2024-04-30'),
(1247,2,'laila','bogor','2024-05-17'),
(1248,2,'reza','cirebon','2024-06-25'),
(1249,2,'nurul','kediri','2024-07-28'),
(1250,2,'hadi','medan','2024-08-29'),
(1251,2,'farah','manado','2024-09-05'),
(1252,2,'yoga','pontianak','2024-10-13'),
(1253,2,'lia','solo','2024-11-19'),
(1254,2,'adit','palembang','2024-12-25'),
(1255,3,'arif','bogor','2024-01-09'),
(1256,3,'nina','cirebon','2024-02-14'),
(1257,3,'ivan','serang','2024-03-20'),
(1258,3,'sari','purwokerto','2024-04-25'),
(1259,3,'tono','pasuruan','2024-05-30'),
(1260,3,'angga','kupang','2024-06-18'),
(1261,3,'fitri','banjar','2024-07-22'),
(1262,3,'hendra','mataram','2024-08-10'),
(1263,3,'ratna','padang','2024-09-15'),
(1264,3,'tio','balikpapan','2024-10-05'),
(1265,3,'gita','pekanbaru','2024-11-02'),
(1266,3,'bimo','palangkaraya','2024-12-11'),
(1267,3,'luki','batam','2024-01-12'),
(1268,3,'maya','pontianak','2024-02-23'),
(1269,3,'rafi','makassar','2024-03-08'),
(1270,3,'dira','surabaya','2024-04-14'),
(1271,3,'rendi','bengkulu','2024-05-18'),
(1272,3,'heni','samarinda','2024-06-27'),
(1273,3,'joni','sorong','2024-07-09'),
(1274,3,'vika','palembang','2024-08-19'),
(1275,3,'adi','manado','2024-09-25'),
(1276,3,'rina','semarang','2024-10-28'),
(1277,3,'yogi','medan','2024-11-30'),
(1278,3,'lita','bandung','2024-12-18'),
(1279,9,'aldi','jakarta','2024-01-05'),
(1280,9,'bella','bandung','2024-02-09'),
(1281,9,'cindy','semarang','2024-03-12'),
(1282,9,'dika','yogyakarta','2024-04-22'),
(1283,9,'erik','surabaya','2024-05-18'),
(1284,9,'fira','medan','2024-06-25'),
(1285,9,'gilang','makassar','2024-07-07'),
(1286,9,'hana','pekanbaru','2024-08-11'),
(1287,9,'indra','denpasar','2024-09-09'),
(1288,9,'joko','palembang','2024-10-21'),
(1289,9,'kiki','solo','2024-11-04'),
(1290,9,'lulu','malang','2024-12-13'),
(1291,9,'mira','pontianak','2024-01-20'),
(1292,9,'nando','samarinda','2024-02-17'),
(1293,9,'olga','kupang','2024-03-25'),
(1294,9,'putri','banjarmasin','2024-04-15'),
(1295,9,'randy','padang','2024-05-23'),
(1296,9,'susi','manado','2024-06-29'),
(1297,9,'tomi','balikpapan','2024-07-03'),
(1298,9,'vera','batam','2024-08-08'),
(1299,9,'wira','jambi','2024-09-14'),
(1300,9,'yuli','bengkulu','2024-10-17'),
(1301,9,'zaki','mataram','2024-11-25'),
(1302,9,'anita','aceh','2024-12-22'),
(1303,10,'benny','jakarta','2024-01-10'),
(1304,10,'citra','bandung','2024-02-14'),
(1305,10,'deni','surabaya','2024-03-19'),
(1306,10,'ella','medan','2024-04-22'),
(1307,10,'fahmi','makassar','2024-05-15'),
(1308,10,'gita','palembang','2024-06-25'),
(1309,10,'harris','yogyakarta','2024-07-10'),
(1310,10,'irma','balikpapan','2024-08-18'),
(1311,10,'joni','padang','2024-09-11'),
(1312,10,'karen','solo','2024-10-05'),
(1313,10,'lisa','malang','2024-11-20'),
(1314,10,'mario','denpasar','2024-12-24'),
(1315,10,'nina','pontianak','2024-01-30'),
(1316,10,'oscar','manado','2024-02-26'),
(1317,10,'putra','kupang','2024-03-17'),
(1318,10,'ratih','samarinda','2024-04-29'),
(1319,10,'santo','batam','2024-05-09'),
(1320,10,'tania','pekanbaru','2024-06-12'),
(1321,10,'umar','jambi','2024-07-14'),
(1322,11,'andika','jakarta','2024-01-05'),
(1323,11,'bella','bandung','2024-02-10'),
(1324,11,'carlos','surabaya','2024-03-15'),
(1325,11,'dina','medan','2024-04-18'),
(1326,11,'edwin','makassar','2024-05-21'),
(1327,11,'fauzi','palembang','2024-06-24'),
(1328,11,'gilang','yogyakarta','2024-07-29'),
(1329,11,'helmi','balikpapan','2024-08-02'),
(1330,11,'ira','padang','2024-09-14'),
(1331,11,'joni','solo','2024-10-11'),
(1332,11,'kevin','malang','2024-11-06'),
(1333,11,'luna','pontianak','2024-12-08'),
(1334,11,'mila','denpasar','2024-01-09'),
(1335,11,'novi','pekanbaru','2024-02-13'),
(1336,11,'osman','kupang','2024-03-20'),
(1337,11,'putri','samarinda','2024-04-25'),
(1338,11,'qori','batam','2024-05-22'),
(1339,11,'rama','jambi','2024-06-19'),
(1340,11,'sinta','manado','2024-07-12'),
(1341,11,'toni','banjarmasin','2024-08-15'),
(1342,11,'ucup','cirebon','2024-09-29'),
(1343,11,'vika','bogor','2024-10-23'),
(1344,11,'wendi','bekasi','2024-11-30'),
(1345,13,'aditya','jakarta','2024-01-01'),
(1346,13,'bintang','bandung','2024-02-06'),
(1347,13,'cahya','surabaya','2024-03-15'),
(1348,13,'desi','medan','2024-04-12'),
(1349,13,'elisa','makassar','2024-05-09'),
(1350,13,'fikri','palembang','2024-06-21'),
(1351,13,'gina','yogyakarta','2024-07-10'),
(1352,13,'haris','balikpapan','2024-08-18'),
(1353,13,'ilham','padang','2024-09-23'),
(1354,13,'jasmine','solo','2024-10-04'),
(1355,13,'karina','malang','2024-11-17'),
(1356,13,'luthfi','pontianak','2024-12-02'),
(1357,13,'mira','denpasar','2024-01-18'),
(1358,13,'naufal','pekanbaru','2024-02-27'),
(1359,13,'oki','kupang','2024-03-22'),
(1360,13,'putri','samarinda','2024-04-29'),
(1361,13,'qais','batam','2024-05-13'),
(1362,13,'rahma','jambi','2024-06-20'),
(1363,13,'salma','manado','2024-07-25'),
(1364,13,'taufik','banjarmasin','2024-08-30'),
(1365,13,'udin','cirebon','2024-09-08'),
(1366,13,'vera','bogor','2024-10-15'),
(1367,13,'wahyu','bekasi','2024-11-11'),
(1368,13,'xenia','palangkaraya','2024-12-20'),
(1369,13,'yana','bengkulu','2024-01-14'),
(1370,13,'zaki','mataram','2024-02-28'),
(1371,13,'angga','aceh','2024-03-10'),
(1372,13,'bella','bogor','2024-04-24'),
(1373,15,'ahmad','jakarta','2024-01-03'),
(1374,15,'bella','bandung','2024-02-11'),
(1375,15,'candra','surabaya','2024-03-09'),
(1376,15,'dedi','medan','2024-04-17'),
(1377,15,'erlina','makassar','2024-05-26'),
(1378,15,'firman','palembang','2024-06-04'),
(1379,15,'gina','yogyakarta','2024-07-15'),
(1380,15,'hilmi','balikpapan','2024-08-20'),
(1381,15,'indra','padang','2024-09-06'),
(1382,15,'johan','solo','2024-10-13'),
(1383,15,'karen','malang','2024-11-07'),
(1384,15,'lina','pontianak','2024-12-14'),
(1385,15,'mario','denpasar','2024-01-22'),
(1386,15,'nina','pekanbaru','2024-02-28'),
(1387,15,'oskar','kupang','2024-03-25'),
(1388,15,'prasetyo','samarinda','2024-04-30'),
(1389,15,'qomar','batam','2024-05-19'),
(1390,15,'ratna','jambi','2024-06-27'),
(1391,15,'satria','manado','2024-07-16'),
(1392,15,'tia','banjarmasin','2024-08-08'),
(1393,15,'umi','cirebon','2024-09-12'),
(1394,15,'vicky','bogor','2024-10-19'),
(1395,15,'wahyu','bekasi','2024-11-23'),
(1396,15,'xena','palangkaraya','2024-12-05'),
(1397,15,'yudi','bengkulu','2024-01-19'),
(1398,15,'zain','mataram','2024-02-22'),
(1399,15,'alya','aceh','2024-03-31'),
(1400,16,'agus','jakarta','2024-01-15'),
(1401,16,'bella','bandung','2024-02-18'),
(1402,16,'cinta','surabaya','2024-03-25'),
(1403,16,'daniel','medan','2024-04-08'),
(1404,16,'erika','makassar','2024-05-11'),
(1405,16,'farhan','palembang','2024-06-23'),
(1406,16,'gilang','yogyakarta','2024-07-13'),
(1407,16,'haris','balikpapan','2024-08-05'),
(1408,16,'indra','padang','2024-09-27'),
(1409,16,'johan','solo','2024-10-09'),
(1410,16,'kiki','malang','2024-11-03'),
(1411,16,'lina','pontianak','2024-12-12'),
(1412,16,'mira','denpasar','2024-01-27'),
(1413,16,'naufal','pekanbaru','2024-02-24'),
(1414,16,'oki','kupang','2024-03-29'),
(1415,16,'pratiwi','samarinda','2024-04-15'),
(1416,16,'qori','batam','2024-05-19'),
(1417,16,'rina','jambi','2024-06-10'),
(1418,16,'sandy','manado','2024-07-16'),
(1419,16,'tari','banjarmasin','2024-08-23'),
(1420,16,'umar','cirebon','2024-09-05'),
(1421,16,'vanya','bogor','2024-10-20'),
(1422,16,'wulan','bekasi','2024-11-16'),
(1423,16,'xander','palangkaraya','2024-12-19'),
(1424,16,'yoga','bengkulu','2024-01-14'),
(1425,16,'ziva','mataram','2024-02-20');

UNLOCK TABLES;

/*Table structure for table `users` */

DROP TABLE IF EXISTS `users`;

CREATE TABLE `users` (
  `id_user` bigint unsigned NOT NULL AUTO_INCREMENT,
  `nisn` int DEFAULT NULL,
  `nip` int DEFAULT NULL,
  `id_role` int NOT NULL,
  `user` varchar(255) CHARACTER SET utf8mb4 COLLATE utf8mb4_unicode_ci NOT NULL,
  `password` varchar(255) CHARACTER SET utf8mb4 COLLATE utf8mb4_unicode_ci NOT NULL,
  `created_at` timestamp NULL DEFAULT NULL,
  `updated_at` timestamp NULL DEFAULT NULL,
  PRIMARY KEY (`id_user`),
  UNIQUE KEY `users_password_unique` (`password`),
  KEY `id_role` (`id_role`),
  KEY `users_ibfk_2` (`nip`),
  KEY `users_ibfk_3` (`nisn`),
  CONSTRAINT `users_ibfk_1` FOREIGN KEY (`id_role`) REFERENCES `roles` (`id_role`),
  CONSTRAINT `users_ibfk_2` FOREIGN KEY (`nip`) REFERENCES `guru` (`nip`) ON DELETE CASCADE ON UPDATE CASCADE,
  CONSTRAINT `users_ibfk_3` FOREIGN KEY (`nisn`) REFERENCES `siswa` (`nisn`) ON DELETE CASCADE ON UPDATE CASCADE
) ENGINE=InnoDB AUTO_INCREMENT=45 DEFAULT CHARSET=utf8mb4 COLLATE=utf8mb4_unicode_ci;

/*Data for the table `users` */

LOCK TABLES `users` WRITE;

insert  into `users`(`id_user`,`nisn`,`nip`,`id_role`,`user`,`password`,`created_at`,`updated_at`) values 
(1,NULL,NULL,1,'Admin','$2y$10$5Ezxcvlij4rEgUg1nGkx.O1AJ5PfqU4d9jsYb.WRfvs8dvkjvaWNa','2024-09-06 06:21:01','2024-09-12 08:56:45'),
(41,1222,NULL,3,'Siti','$2y$10$tZJKSkqBlvz24mrb04ByvuRL.lKLBxRaADknHLOa3dgirg1JxPFkG','2025-02-17 02:07:10','2025-02-17 02:07:10'),
(44,NULL,8970765,2,'Mahda SP.d','$2y$10$wVf4xIuZJRK8zr9I0fhaBOiXCBeFieKkI.RJG.fPFhi9pOdmUbL5.','2025-04-02 10:56:07','2025-04-02 10:56:07');

UNLOCK TABLES;

/*!40101 SET SQL_MODE=@OLD_SQL_MODE */;
/*!40014 SET FOREIGN_KEY_CHECKS=@OLD_FOREIGN_KEY_CHECKS */;
/*!40014 SET UNIQUE_CHECKS=@OLD_UNIQUE_CHECKS */;
/*!40111 SET SQL_NOTES=@OLD_SQL_NOTES */;
